{
	"format_version": "1.8.0",
	"animations": {
		"special": {
			"loop": true,
			"animation_length": 2.5,
			"bones": {
				"bone": {
					"rotation": {
						"0.0": {

							"vector": [0, 0, 0]

						},
						"0.7917": {

							"vector": [90.97624, 17.93774, 126.55932]

						},
						"1.4583": {

							"vector": [42.73421, -58.60029, 42.73421]

						},
						"2.0833": {

							"vector": [-34.55086, -45.46756, 23.62731]

						},
						"2.5": {

							"vector": [0, 0, 0]

						}
					},
					"position": {

						"vector": [0, "math.sin(query.anim_time*120)*-0.4", 0]

					}
				},
				"ring_inner": {
					"rotation": {
						"0.0": {

							"vector": [0, 0, 0]

						},
						"0.0833": {

							"vector": [0, 0, 0]

						},
						"0.4167": {

							"vector": [0, 0, 237.5]

						},
						"1.0833": {

							"vector": [117.5, 0, 35.1]

						},
						"1.4583": {

							"vector": [0, 0, 0]

						},
						"1.7917": {

							"vector": [0, 0, 0]

						},
						"2.0833": {

							"vector": [77.5, 0, 0]

						},
						"2.4583": {

							"vector": [0, 0, 0]

						}
					},
					"position": {

						"vector": [0, "math.sin(query.anim_time*120)*-0.3 ", 0]

					}
				},
				"ring_outer": {
					"rotation": {
						"0.0": {

							"vector": [0, 0, 0]

						},
						"0.7917": {

							"vector": [306.36, 0, 0]

						},
						"1.5": {

							"vector": [271.36, 0, 0]

						},
						"1.7917": {

							"vector": [271.36, 0, 0]

						},
						"2.125": {

							"vector": [-41.57337, 19.05681, 80.20848]

						},
						"2.4167": {

							"vector": [0, 0, 0]

						}
					},
					"position": {

						"vector": [0, "math.sin(query.anim_time*120)*-0.2", 0]

					}
				}
			}
		},
		"attack": {
			"loop": true,
			"animation_length": 2.75,
			"bones": {
				"bone": {
					"rotation": {
						"0.0": {

							"vector": [0, 0, 0]

						},
						"0.25": {

							"vector": [0, 0, 27.5]

						},
						"1.2917": {

							"vector": [0, -52.5, 85]

						},
						"1.75": {

							"vector": [79.4254, 21.50488, 33.24458]

						},
						"2.25": {

							"vector": [135.40995, 14.3017, 67.67387]

						},
						"2.75": {

							"vector": [0, 0, 2.5]

						}
					},
					"position": {

						"vector": [0, "math.sin(query.anim_time*120)*-0.4", 0]

					}
				},
				"ring_inner": {
					"rotation": {
						"0.0": {

							"vector": [0, 0, 0]

						},
						"0.7917": {

							"vector": [330, 0, 0]

						},
						"1.5417": {

							"vector": [452.5, 0, 0]

						},
						"1.8333": {

							"vector": [452.5, 0, 0]

						},
						"2.5833": {

							"vector": [0, 0, 0]

						}
					},
					"position": {

						"vector": [0, "math.sin(query.anim_time*120)*-0.3 ", 0]

					}
				},
				"ring_outer": {
					"rotation": {
						"0.0": {

							"vector": [0, 0, 0]

						},
						"0.8333": {

							"vector": [0, 180, 0]

						},
						"1.5": {

							"vector": [-180, 360, -180]

						},
						"1.8333": {

							"vector": [-180, 360, -180]

						},
						"2.5833": {

							"vector": [0, 0, 0]

						}
					},
					"position": {

						"vector": [0, "math.sin(query.anim_time*120)*-0.2", 0]

					}
				}
			}
		},
		"empty": {
			"loop": true,
			"animation_length": 2.625,
			"bones": {
				"ring_inner": {
					"relative_to": {
						"rotation": "entity"
					},
					"rotation": {
						"0.0": {
							"vector": [
								0,
								0,
								0
							]
						},
						"0.25": {
							"vector": [
								27.5,
								0,
								0
							]
						},
						"0.5": {
							"vector": [
								67.5,
								0,
								0
							]
						},
						"0.75": {
							"vector": [
								135,
								0,
								0
							]
						},
						"1.0": {
							"vector": [
								180,
								0,
								0
							]
						},
						"1.25": {
							"vector": [
								180,
								0,
								-42.5
							]
						},
						"1.5": {
							"vector": [
								180,
								0,
								-127.5
							]
						},
						"1.75": {
							"vector": [
								180,
								0,
								-180
							]
						},
						"1.9583": {
							"vector": [
								227.5,
								0,
								-180
							]
						},
						"2.2083": {
							"vector": [
								395,
								0,
								-180
							]
						},
						"2.625": {
							"vector": [
								540,
								0,
								-180
							],
							"easing": "linear"
						}
					},
					"position": {
						"0.5417": {
							"vector": [
								0,
								0,
								0
							]
						},
						"1.5": {
							"vector": [
								0,
								0,
								0
							]
						},
						"2.5": {
							"vector": [
								0,
								"math.sin(query.anim_time*120)*-0.3 ",
								0
							]
						}
					}
				},
				"ring_outer": {
					"rotation": {
						"0.0": {
							"vector": [
								0,
								0,
								0
							]
						},
						"0.2917": {
							"vector": [
								40,
								0,
								35
							]
						},
						"0.5417": {
							"vector": [
								75,
								0,
								35
							]
						},
						"0.8333": {
							"vector": [
								87.13421,
								-0.89969,
								90.1476
							]
						},
						"1.0833": {
							"vector": [
								-120.92347,
								-0.89969,
								90.1476
							]
						},
						"1.3333": {
							"vector": [
								-234.59172,
								-0.89969,
								90.1476
							]
						},
						"1.5417": {
							"vector": [
								-299.90326,
								-0.89969,
								90.1476
							]
						},
						"1.75": {
							"vector": [
								-362.40326,
								-0.89969,
								90.1476
							]
						},
						"2.625": {
							"vector": [
								-721.60031,
								0.09673,
								360.14912
							],
							"easing": "easeOutSine"
						}
					},
					"position": {
						"vector": [
							0,
							"math.sin(query.anim_time*120)*-0.2",
							0
						]
					}
				},
				"bone": {
					"rotation": {
						"0.0": {
							"vector": [
								0,
								0,
								0
							]
						},
						"0.25": {
							"vector": [
								42.5,
								0,
								0
							],
							"easing": "easeInSine"
						},
						"0.5": {
							"vector": [
								80,
								0,
								0
							],
							"easing": "easeInSine"
						},
						"0.75": {
							"vector": [
								90,
								0,
								0
							],
							"easing": "easeInSine"
						},
						"1.0": {
							"vector": [
								90,
								-20,
								0
							]
						},
						"1.25": {
							"vector": [
								0,
								-57.5,
								0
							]
						},
						"1.5": {
							"vector": [
								-37.5,
								-57.5,
								0
							]
						},
						"1.75": {
							"vector": [
								-81.12779,
								-25.62347,
								8.87221
							]
						},
						"2.0": {
							"vector": [
								-55.52667,
								-1.34808,
								27.1654
							],
							"easing": "easeInSine"
						},
						"2.5": {
							"vector": [
								10,
								0,
								0
							],
							"easing": "easeOutCirc"
						},
						"2.625": {
							"vector": [
								0,
								0,
								0
							]
						}
					},
					"position": {
						"vector": [
							0,
							"math.sin(query.anim_time*120)*-0.4",
							0
						]
					}
				}
			}
		},
		"idle": {
			"loop": true,
			"animation_length": 2.625,
			"bones": {
				"ring_inner": {
					"relative_to": {
						"rotation": "entity"
					},
					"rotation": {
						"0.0": {

							"vector": [0, 0, 0]

						},
						"0.25": {

							"vector": [27.5, 0, 0]

						},
						"0.5": {

							"vector": [67.5, 0, 0]

						},
						"0.75": {

							"vector": [135, 0, 0]

						},
						"1.0": {

							"vector": [180, 0, 0]

						},
						"1.25": {

							"vector": [180, 0, -42.5]

						},
						"1.5": {

							"vector": [180, 0, -127.5]

						},
						"1.75": {

							"vector": [180, 0, -180]

						},
						"1.9583": {

							"vector": [227.5, 0, -180]

						},
						"2.2083": {

							"vector": [395, 0, -180]

						},
						"2.625": {

							"vector": [540, 0, -180],
							"easing": "linear"

						}
					},